{"cameraMode":{"drawMode":0,"name":"Shaded","section":"Shading Mode"},"sceneLighting":true,"audioPlay":false,"sceneViewState":{"m_AlwaysRefresh":false,"showFog":true,"showSkybox":true,"showFlares":true,"showImageEffects":true,"showParticleSystems":true,"showVisualEffectGraphs":true,"m_FxEnabled":true},"in2DMode":false,"pivot":{"x":-15.403043746948243,"y":1.5747270584106446,"z":7.169896125793457},"rotation":{"x":-0.008111461997032166,"y":-0.6833785772323608,"z":-0.007561159785836935,"w":0.7300649881362915},"size":13.4987211227417,"orthographic":false}