{"cameraMode":{"drawMode":0,"name":"Shaded","section":"Shading Mode"},"sceneLighting":true,"audioPlay":false,"sceneViewState":{"m_AlwaysRefresh":false,"showFog":true,"showSkybox":true,"showFlares":true,"showImageEffects":true,"showParticleSystems":true,"showVisualEffectGraphs":true,"m_FxEnabled":true},"in2DMode":false,"pivot":{"x":-12.196206092834473,"y":1.8666737079620362,"z":23.359968185424806},"rotation":{"x":0.03196902945637703,"y":-0.6650851368904114,"z":0.02860899269580841,"w":0.7456170916557312},"size":13.4987211227417,"orthographic":false}